{"x_convert": 0.12931034482758622, "y_convert": -0.13157894736842105, "suction_center": [398, 256], "date_calibrated": "Mar_20_2026"}