{"x_convert": 0.1282051282051282, "y_convert": -0.13157894736842105, "suction_center": [328, 210], "date_calibrated": "May_26_2026"}