{"x_convert": 0.1282051282051282, "y_convert": -0.13157894736842105, "suction_center": [328, 220], "date_calibrated": "Apr_03_2026"}