{"x_convert": -0.2631578947368421, "y_convert": -0.1724137931034483}