{
    "cameraMatrix": [
        [
            640.9389313393858,
            0.0,
            330.28870576458075
        ],
        [
            0.0,
            640.7626448354494,
            239.50316997603156
        ],
        [
            0.0,
            0.0,
            1.0
        ]
    ],
    "distCoeffs": [
        [
            0.08853514400473458,
            -0.8866993364386926,
            0.003536412790794067,
            -0.0026349395343664393,
            1.873345925266887
        ]
    ],
    "rvecs": [
        [
            [
                -0.07315391627909527
            ],
            [
                0.6964377149853441
            ],
            [
                3.0101097116424658
            ]
        ],
        [
            [
                -0.5951310216904535
            ],
            [
                0.2683470446301013
            ],
            [
                2.9983275212886786
            ]
        ],
        [
            [
                -0.10666243672280983
            ],
            [
                0.6896748836987021
            ],
            [
                3.013645765205194
            ]
        ],
        [
            [
                0.16807067583997412
            ],
            [
                -0.3993647002535382
            ],
            [
                3.066493729625044
            ]
        ],
        [
            [
                0.3434276422489193
            ],
            [
                -0.2815559420847895
            ],
            [
                3.019546007754687
            ]
        ],
        [
            [
                -0.07781293165070982
            ],
            [
                -0.7062657783181442
            ],
            [
                3.0589780291387605
            ]
        ],
        [
            [
                0.47511859922798566
            ],
            [
                -0.4471051317846243
            ],
            [
                2.985191659721755
            ]
        ],
        [
            [
                -0.06098193808405612
            ],
            [
                -0.04875035522349664
            ],
            [
                -0.03161866916528343
            ]
        ],
        [
            [
                -0.4707849758790605
            ],
            [
                0.06565510705869224
            ],
            [
                -3.1039217641344394
            ]
        ],
        [
            [
                -0.7444804655065059
            ],
            [
                0.012141101940986922
            ],
            [
                3.024675750739531
            ]
        ],
        [
            [
                0.48500845883857563
            ],
            [
                0.1480908555302408
            ],
            [
                -3.046318927105113
            ]
        ]
    ],
    "tvecs": [
        [
            [
                3.66889459578938
            ],
            [
                2.646499951121724
            ],
            [
                17.938314693742505
            ]
        ],
        [
            [
                2.895301571888036
            ],
            [
                1.397768776775578
            ],
            [
                19.420355562396622
            ]
        ],
        [
            [
                3.127663405029724
            ],
            [
                1.3069520116276814
            ],
            [
                17.853382745473603
            ]
        ],
        [
            [
                3.44307288448286
            ],
            [
                0.9040380880336912
            ],
            [
                18.514573918738343
            ]
        ],
        [
            [
                3.1336500148895623
            ],
            [
                2.475558102680001
            ],
            [
                18.65071710122548
            ]
        ],
        [
            [
                3.5314878285727453
            ],
            [
                2.258697259254344
            ],
            [
                19.066555913648152
            ]
        ],
        [
            [
                4.384956361319576
            ],
            [
                1.3515907273211678
            ],
            [
                18.80870790202356
            ]
        ],
        [
            [
                -5.2483272829516965
            ],
            [
                -3.746288580755575
            ],
            [
                18.491600839541057
            ]
        ],
        [
            [
                3.6537616696779978
            ],
            [
                3.4590049784754178
            ],
            [
                17.256820950916815
            ]
        ],
        [
            [
                3.4789546565094636
            ],
            [
                3.270693641595331
            ],
            [
                18.905694529570543
            ]
        ],
        [
            [
                2.2657366518713227
            ],
            [
                4.028472245833878
            ],
            [
                20.20317409170887
            ]
        ]
    ]
}